instrument,gate_median_ms,tau_ms,policy,rejection_mode,timeout_rate,baseline_pnl_bps,gated_pnl_bps,net_impact_bps,n_foregone,bps_foregone,n_avoided,bps_avoided,n_scaled_timeout,bps_scaled_timeout_repricing_impact,covid_net_impact_bps,own_stress_net_impact_bps,rest_net_impact_bps
SPXUSD,30.0,10.0,H,uninformed,0.8814616755793226,-3453.900166906212,-1016.4507862320484,2437.4493806741625,273,36197.141941992486,719,38634.59704955582,,,713.9000596718462,664.9861455695635,1058.5631754327533
SPXUSD,30.0,10.0,H,informed,0.8814616755793226,-3453.900166906212,-494.2439421109318,2959.6562247952793,271,36091.050930340716,720,39050.709783093946,,,928.3146636966379,868.9771632397607,1162.3643978588807
SPXUSD,30.0,10.0,S,uninformed,0.8814616755793226,-3453.900166906212,-2287.098401117347,1166.8017657888643,2,106.09101165177596,1,2.2897770713939822,989.0,-0.019443813440580812,356.9543776803783,332.4905225495491,477.3568655589372
SPXUSD,30.0,10.0,S,informed,0.8814616755793226,-3453.900166906212,-1764.8915569962296,1689.008609909981,0,0.0,2,418.40251060951914,989.0,-0.019443813440580812,571.36898170517,536.4815402197462,581.1580879850649
SPXUSD,30.0,25.0,H,uninformed,0.5632798573975044,-3453.900166906212,-3147.7345411592573,306.1656257469534,175,24774.13968855993,463,25080.35048354734,,,-326.24313777313836,400.1718202684313,232.23694325166025
SPXUSD,30.0,25.0,H,informed,0.5632798573975044,-3453.900166906212,-1054.087953665417,2399.812213240794,173,24668.04867690816,468,27067.8912203629,,,964.853879809226,1109.585797394894,325.37253603667364
SPXUSD,30.0,25.0,S,uninformed,0.5632798573975044,-3453.900166906212,-3274.9197415874933,178.98042531871772,2,106.09101165177596,4,157.96586167507445,632.0,-0.017227946183229682,-163.10573361278253,200.08274901691436,142.00340991458552
SPXUSD,30.0,25.0,S,informed,0.5632798573975044,-3453.900166906212,-1181.273154093653,2272.6270128125584,0,0.0,9,2145.506598490638,632.0,-0.017227946183229682,1127.9912839695814,909.496726143377,235.1390026995992
SPXUSD,30.0,50.0,H,uninformed,0.3244206773618538,-3453.900166906212,-2645.402998340238,808.4971685659718,110,13291.508580372276,269,14100.154389946989,,,-811.0827118278961,-60.143168165698924,1679.7230485595667
SPXUSD,30.0,50.0,H,informed,0.3244206773618538,-3453.900166906212,921.9761424336593,4375.87630933987,106,13092.59365995721,273,17468.594561321595,,,2080.418970889723,649.2708089607638,1646.1865294893837
SPXUSD,30.0,50.0,S,uninformed,0.3244206773618538,-3453.900166906212,-2879.0547100750614,574.8454568311497,4,198.91492041506513,11,540.1661883027616,364.0,0.045559108686886035,-405.50378503082055,-30.075393979276853,1010.4246358412472
SPXUSD,30.0,50.0,S,informed,0.3244206773618538,-3453.900166906212,688.3244306988365,4142.224597605048,0,0.0,15,3908.6063596773683,364.0,0.045559108686886035,2485.9978976867983,679.3385831471859,976.8881167710639
SPXUSD,30.0,100.0,H,uninformed,0.13636363636363635,-3453.900166906212,-2722.2687586316615,731.6314082745505,50,5876.799359714908,120,6608.467175380598,,,310.1762794898448,-104.65246042581019,526.107589210516
SPXUSD,30.0,100.0,H,informed,0.13636363636363635,-3453.900166906212,1348.5801562133092,4802.48032311952,46,5677.884439299842,126,10480.425269085212,,,3591.1932636754655,604.7615167006526,606.5255427434021
SPXUSD,30.0,100.0,S,uninformed,0.13636363636363635,-3453.900166906212,-2703.6741622966474,750.2260046095635,4,198.91492041506513,13,967.8782928435612,153.0,-0.05318204638956808,351.4496256934078,-52.32841955197061,451.104798468126
SPXUSD,30.0,100.0,S,informed,0.13636363636363635,-3453.900166906212,1367.174752548322,4821.074919454533,0,0.0,19,4839.836386548172,153.0,-0.05318204638956808,3632.466609879029,657.0855575744921,531.5227520010126
SPXUSD,30.0,250.0,H,uninformed,0.016042780748663103,-3453.900166906212,-2366.9390437907236,1086.961123115487,9,687.8571363118168,28,1774.92145083782,,,392.7330694247609,103.92838551504784,590.2996681756782
SPXUSD,30.0,250.0,H,informed,0.016042780748663103,-3453.900166906212,2165.665009855383,5619.565176761594,5,488.9422158967516,35,6108.633638267365,,,3673.7500536103817,813.3423626415106,1132.4727605097016
SPXUSD,30.0,250.0,S,uninformed,0.016042780748663103,-3453.900166906212,-2492.9711093958017,960.92905751041,4,198.91492041506513,15,1034.0331709362051,18.0,-0.05903360264549917,392.7330694247609,51.96316878764438,516.2328192980046
SPXUSD,30.0,250.0,S,informed,0.016042780748663103,-3453.900166906212,2039.6329442503052,5493.5331111565165,0,0.0,22,5367.74535836575,18.0,-0.05903360264549917,3673.7500536103817,761.3771459141071,1058.405911632028
SPXUSD,150.0,10.0,H,uninformed,0.9955436720142602,-3453.900166906212,75.78013600339078,3529.6803029096022,305,39757.86488993517,812,43287.54330325899,,,1040.3243716084498,955.8032182652181,1533.5527130359344
SPXUSD,150.0,10.0,H,informed,0.9955436720142602,-3453.900166906212,75.78013600339078,3529.6803029096022,305,39757.86488993517,812,43287.54330325899,,,1040.3243716084498,955.8032182652181,1533.5527130359344
SPXUSD,150.0,10.0,S,uninformed,0.9955436720142602,-3453.900166906212,-1689.080397679119,1764.8197692270915,0,0.0,0,0.0,1117.0,-0.021327020599767585,520.1669609728094,477.89935396591596,766.7534542883666
SPXUSD,150.0,10.0,S,informed,0.9955436720142602,-3453.900166906212,-1689.080397679119,1764.8197692270915,0,0.0,0,0.0,1117.0,-0.021327020599767585,520.1669609728094,477.89935396591596,766.7534542883666
SPXUSD,150.0,25.0,H,uninformed,0.964349376114082,-3453.900166906212,779.5043192549581,4233.404486161169,292,38117.44297061636,790,42350.83832215533,,,928.3172332155938,955.8032182652181,2349.2840346803578
SPXUSD,150.0,25.0,H,informed,0.964349376114082,-3453.900166906212,779.5043192549581,4233.404486161169,292,38117.44297061636,790,42350.83832215533,,,928.3172332155938,955.8032182652181,2349.2840346803578
SPXUSD,150.0,25.0,S,uninformed,0.964349376114082,-3453.900166906212,-1337.2532561227003,2116.6469107835105,0,0.0,0,0.0,1082.0,-0.05989960817173882,464.1701646227614,477.89597121587576,1174.5807749448727
SPXUSD,150.0,25.0,S,informed,0.964349376114082,-3453.900166906212,-1337.2532561227003,2116.6469107835105,0,0.0,0,0.0,1082.0,-0.05989960817173882,464.1701646227614,477.89597121587576,1174.5807749448727
SPXUSD,150.0,50.0,H,uninformed,0.8814616755793226,-3453.900166906212,-1016.473696548545,2437.4264703576655,273,36197.141941992486,719,38634.59704955582,,,713.8905672117477,664.9883837309264,1058.5475194149917
SPXUSD,150.0,50.0,H,informed,0.8814616755793226,-3453.900166906212,-494.2544559653119,2959.645710940899,271,36091.050930340716,720,39050.709783093946,,,928.3172332155938,868.979784406823,1162.3486933184822
SPXUSD,150.0,50.0,S,uninformed,0.8814616755793226,-3453.900166906212,-2287.199086687615,1166.7010802185955,2,106.09101165177596,1,2.2897770713939822,989.0,-0.09721906721280019,356.96702259648396,332.4814401373277,477.2526174847845
SPXUSD,150.0,50.0,S,informed,0.8814616755793226,-3453.900166906212,-1764.9798461043817,1688.920320801829,0,0.0,2,418.40251060951914,989.0,-0.09721906721280019,571.3936886003302,536.4728408132244,581.053791388275
SPXUSD,150.0,100.0,H,uninformed,0.6515151515151515,-3453.900166906212,-3414.1169012228265,39.783265683385366,205,28795.591129376397,531,28835.539817226054,,,-115.35762470283524,669.1852782350858,-514.0443878488652
SPXUSD,150.0,100.0,H,informed,0.6515151515151515,-3453.900166906212,-1655.854648348246,1798.0455185579663,203,28689.500117724623,535,30487.640468603713,,,928.3172332155938,1191.467313666779,-321.7390283244072
SPXUSD,150.0,100.0,S,uninformed,0.6515151515151515,-3453.900166906212,-3457.828024086034,-3.927857179822695,2,106.09101165177596,3,58.79501578793255,731.0,-0.08878100645914802,-57.620216828715236,334.57514102397244,-280.88278137507996
SPXUSD,150.0,100.0,S,informed,0.6515151515151515,-3453.900166906212,-1699.5657712114535,1754.3343956947583,0,0.0,7,1710.8956671655965,731.0,-0.08878100645914802,986.0546410897138,856.857176455666,-88.57742185062213
SPXUSD,150.0,250.0,H,uninformed,0.3244206773618538,-3453.900166906212,-2645.997564991999,807.9026019142104,110,13291.508580372276,269,14100.154389946989,,,-811.0755966868151,-60.14890275334868,1679.1271013543742
SPXUSD,150.0,250.0,H,informed,0.3244206773618538,-3453.900166906212,921.477774276754,4375.377941182965,106,13092.59365995721,273,17468.594561321595,,,2080.4086037008137,649.2763659014245,1645.6929715807266
SPXUSD,150.0,250.0,S,uninformed,0.3244206773618538,-3453.900166906212,-2879.467040292089,574.4331266141211,4,198.91492041506513,11,540.1661883027616,364.0,0.22779554341931937,-405.3499437851887,-30.093501326048333,1009.8765717253583
SPXUSD,150.0,250.0,S,informed,0.3244206773618538,-3453.900166906212,688.0082989766643,4141.908465882875,0,0.0,15,3908.6063596773683,364.0,0.22779554341931937,2486.1342566024396,679.3317673287248,976.4424419517107
USDJPY,30.0,10.0,H,uninformed,0.8795761078998073,1537.8920685589342,-492.6252910966657,-2030.5173596555999,269,19848.926643117058,646,17818.406758933495,,,-1129.045435222636,-523.832786090559,-377.63913834240475
USDJPY,30.0,10.0,H,informed,0.8795761078998073,1537.8920685589342,-432.66422715410215,-1970.5562957130362,268,19832.7755758605,646,17862.217037091323,,,-1129.045435222636,-523.832786090559,-317.67807439984114
USDJPY,30.0,10.0,S,uninformed,0.8795761078998073,1537.8920685589342,523.6176338052743,-1014.2744347536596,1,16.151067256555805,1,18.140014777450283,913.0,-0.011490950289495802,-564.5219730661361,-261.9196019257706,-187.83285976175276
USDJPY,30.0,10.0,S,informed,0.8795761078998073,1537.8920685589342,583.578697747838,-954.3133708110961,0,0.0,1,61.950292935279236,913.0,-0.011490950289495802,-564.5219730661361,-261.9196019257706,-127.87179581918915
USDJPY,30.0,25.0,H,uninformed,0.571290944123314,1537.8920685589342,-1297.6064334144587,-2835.498501973392,184,14109.697345470411,413,11274.219753579668,,,-549.3612548705133,-452.8883858122916,-1833.2488612905872
USDJPY,30.0,25.0,H,informed,0.571290944123314,1537.8920685589342,-620.5500913786179,-2158.442159937552,183,14093.546278213855,420,11935.12154183089,,,-549.3612548705133,-490.804145658099,-1118.276759408939
USDJPY,30.0,25.0,S,uninformed,0.571290944123314,1537.8920685589342,155.66460021460284,-1382.227468344331,1,16.151067256555805,3,87.23356450872878,593.0,-0.0090109423969197,-274.6793358207815,-207.4912848376747,-900.056847685875
USDJPY,30.0,25.0,S,informed,0.571290944123314,1537.8920685589342,832.7209422504434,-705.1711263084906,0,0.0,10,748.1353527599524,593.0,-0.0090109423969197,-274.6793358207815,-245.40704468348213,-185.08474580422683
USDJPY,30.0,50.0,H,uninformed,0.3304431599229287,1537.8920685589342,-630.6169803515065,-2168.50904891044,113,8585.183470964248,242,6416.764292815869,,,-753.8873014783006,-207.36583851208275,-1207.255908920057
USDJPY,30.0,50.0,H,informed,0.3304431599229287,1537.8920685589342,445.9184930821573,-1091.9735754767767,112,8569.032403707692,248,7477.140115023404,,,-485.4835353836858,-172.5796082477126,-433.9104318453782
USDJPY,30.0,50.0,S,uninformed,0.3304431599229287,1537.8920685589342,589.3145681151175,-948.5775004438165,1,16.151067256555805,11,287.5424506206647,343.0,0.02626771038086162,-376.94139936788594,-84.73110580634095,-486.90499526958973
USDJPY,30.0,50.0,S,informed,0.3304431599229287,1537.8920685589342,1665.8500415487815,127.9579729898471,0,0.0,17,1347.9182728281983,343.0,0.02626771038086162,-108.53763327327108,-49.94487554197074,286.44048180508906
USDJPY,30.0,100.0,H,uninformed,0.13680154142581888,1537.8920685589342,-96.35621142409684,-1634.2482799830307,54,4503.6778210169305,102,2869.522143593405,,,-463.1001779514873,-147.80428271127874,-1023.343819320265
USDJPY,30.0,100.0,H,informed,0.13680154142581888,1537.8920685589342,1503.1059271097342,-34.78614144919982,51,4068.343366318381,109,4033.6406249391184,,,165.48457314774166,-113.01805244690857,-87.25266215003285
USDJPY,30.0,100.0,S,uninformed,0.13680154142581888,1537.8920685589342,646.8685340842394,-891.0235344746947,3,435.3344546985494,11,287.5424506206647,142.0,0.04290883551568586,-411.63978063125927,-54.947917836638325,-424.43583600679716
USDJPY,30.0,100.0,S,informed,0.13680154142581888,1537.8920685589342,2246.3306726180704,708.4386040591367,0,0.0,18,1451.6609319663785,142.0,0.04290883551568586,216.94497046796974,-20.16168757226812,511.65532116343513
USDJPY,30.0,250.0,H,uninformed,0.014450867052023121,1537.8920685589342,960.9800106566893,-576.9120579022449,12,1124.9995659785593,19,548.0524915455733,,,-360.18024431833516,76.08931695166244,-292.82113053557214
USDJPY,30.0,250.0,H,informed,0.014450867052023121,1537.8920685589342,2845.018899156314,1307.12683059738,7,548.9193608084566,28,1855.9842706497702,,,268.40450678089377,110.87554721603264,927.8467766004533
USDJPY,30.0,250.0,S,uninformed,0.014450867052023121,1537.8920685589342,1105.1562249558783,-432.73584360305574,5,576.0802051701027,11,287.5424506206647,15.0,-0.028445642584891573,-360.18024431833516,57.00214105875147,-129.55774034347206
USDJPY,30.0,250.0,S,informed,0.014450867052023121,1537.8920685589342,2989.1951134555034,1451.303044896569,0,0.0,20,1595.4742297248617,15.0,-0.028445642584891573,268.40450678089377,91.78837132312167,1091.1101667925536
USDJPY,150.0,10.0,H,uninformed,0.9951830443159922,1537.8920685589342,-114.56195839685417,-1652.4540269557883,301,21776.503901634427,732,20124.049723236567,,,-1098.5380548461992,-486.2059627608439,-67.71000934874496
USDJPY,150.0,10.0,H,informed,0.9951830443159922,1537.8920685589342,-114.56195839685417,-1652.4540269557883,301,21776.503901634427,732,20124.049723236567,,,-1098.5380548461992,-486.2059627608439,-67.71000934874496
USDJPY,150.0,10.0,S,uninformed,0.9951830443159922,1537.8920685589342,711.6565700468177,-826.2354985121159,0,0.0,0,0.0,1033.0,-0.008560755256338634,-549.2680342635238,-243.10602366270632,-33.86144058588553
USDJPY,150.0,10.0,S,informed,0.9951830443159922,1537.8920685589342,711.6565700468177,-826.2354985121159,0,0.0,0,0.0,1033.0,-0.008560755256338634,-549.2680342635238,-243.10602366270632,-33.86144058588553
USDJPY,150.0,25.0,H,uninformed,0.964354527938343,1537.8920685589342,-601.9243123395116,-2139.816380898446,296,21532.82494137733,705,19392.999749698858,,,-1129.044248478915,-542.0446402940388,-468.7274921254917
USDJPY,150.0,25.0,H,informed,0.964354527938343,1537.8920685589342,-539.9748969564205,-2077.8669655153544,296,21532.82494137733,706,19454.950042634136,,,-1129.044248478915,-542.0446402940388,-406.7780767424006
USDJPY,150.0,25.0,S,uninformed,0.964354527938343,1537.8920685589342,467.9618046461703,-1069.9302639127638,0,0.0,0,0.0,1001.0,-0.026478853554265845,-564.5198920190933,-271.030205064139,-234.38016682953105
USDJPY,150.0,25.0,S,informed,0.964354527938343,1537.8920685589342,529.9112200292615,-1007.9808485296726,0,0.0,1,61.950292935279236,1001.0,-0.026478853554265845,-564.5198920190933,-271.030205064139,-172.43075144643979
USDJPY,150.0,50.0,H,uninformed,0.8795761078998073,1537.8920685589342,-492.61519444351836,-2030.5072630024526,269,19848.926643117058,646,17818.406758933495,,,-1129.044248478915,-523.8326695513599,-377.63034497217757
USDJPY,150.0,50.0,H,informed,0.8795761078998073,1537.8920685589342,-432.6552563759402,-1970.5473249348745,268,19832.7755758605,646,17862.217037091323,,,-1129.044248478915,-523.8326695513599,-317.6704069045993
USDJPY,150.0,50.0,S,uninformed,0.8795761078998073,1537.8920685589342,523.5817666574004,-1014.3103019015338,1,16.151067256555805,1,18.140014777450283,913.0,-0.057454751311025246,-564.5184015135532,-261.93237921009165,-187.85952117788855
USDJPY,150.0,50.0,S,informed,0.8795761078998073,1537.8920685589342,583.5417047249786,-954.3503638339556,0,0.0,1,61.950292935279236,913.0,-0.057454751311025246,-564.5184015135532,-261.93237921009165,-127.8995831103104
USDJPY,150.0,100.0,H,uninformed,0.6570327552986512,1537.8920685589342,-804.3445482410098,-2342.236616799944,210,15323.320065904762,475,12981.155430584357,,,-865.7529561521817,-388.3028382862076,-1088.1808223615549
USDJPY,150.0,100.0,H,informed,0.6570327552986512,1537.8920685589342,-213.9538578566748,-1751.845926415609,209,15307.168998648205,481,13555.395763813096,,,-865.7529561521817,-388.3028382862076,-497.79013197721974
USDJPY,150.0,100.0,S,uninformed,0.6570327552986512,1537.8920685589342,383.2692629225412,-1154.622805636393,1,16.151067256555805,2,49.31764522639949,682.0,-0.05179548157504257,-432.87010101815696,-194.17384163835345,-527.5788629798825
USDJPY,150.0,100.0,S,informed,0.6570327552986512,1537.8920685589342,973.6599533068759,-564.2321152520578,0,0.0,8,623.557978455141,682.0,-0.05179548157504257,-432.87010101815696,-194.17384163835345,62.81182740445229
USDJPY,150.0,250.0,H,uninformed,0.3304431599229287,1537.8920685589342,-630.9764607265234,-2168.868529285457,113,8585.183470964248,242,6416.764292815869,,,-753.874915212943,-207.43234648353274,-1207.561267588982
USDJPY,150.0,250.0,H,informed,0.3304431599229287,1537.8920685589342,445.59334868848674,-1092.2987198704475,112,8569.032403707692,248,7477.140115023404,,,-485.48903774310014,-172.65301128440774,-434.15667084293943
USDJPY,150.0,250.0,S,uninformed,0.3304431599229287,1537.8920685589342,589.060158581581,-948.831909977353,1,16.151067256555805,11,287.5424506206647,343.0,0.13133855186106563,-376.92620088688983,-84.78894385396107,-487.1167652365022
USDJPY,150.0,250.0,S,informed,0.3304431599229287,1537.8920685589342,1665.629967996591,127.73789943765706,0,0.0,17,1347.9182728281983,343.0,0.13133855186106563,-108.5403234170469,-50.00960865483608,286.2878315095399
XAUUSD,30.0,10.0,H,uninformed,0.8802681992337165,24.64256975050199,993.3726747210201,968.7301049705176,238,34979.63849086244,683,35948.37187651648,,,-1487.1745135403712,2203.304997455433,252.59962105545628
XAUUSD,30.0,10.0,H,informed,0.8802681992337165,24.64256975050199,1193.596592691134,1168.9540229406316,238,34979.63849086244,683,36148.5962901651,,,-1487.1745135403712,2342.421432086874,313.70710439412915
XAUUSD,30.0,10.0,S,uninformed,0.8802681992337165,24.64256975050199,547.4640694056309,522.8214996551291,0,0.0,2,76.92030872036645,919.0,-0.002066848550604926,-743.5893426018149,1101.6508144095685,164.76002784737568
XAUUSD,30.0,10.0,S,informed,0.8802681992337165,24.64256975050199,747.6879873757451,723.0454176252433,0,0.0,2,277.14472236898814,919.0,-0.002066848550604926,-743.5893426018149,1240.76724904101,225.86751118604843
XAUUSD,30.0,25.0,H,uninformed,0.5718390804597702,24.64256975050199,2454.234300840728,2429.591731090225,144,21702.28301426211,457,24131.82719882924,,,-1491.268498827973,1908.2790125270553,2012.5812173911431
XAUUSD,30.0,25.0,H,informed,0.5718390804597702,24.64256975050199,3134.8333625836385,3110.1907928331357,144,21702.28301426211,459,24812.446563276855,,,-1359.3293888364396,2047.3954471584966,2422.1247345110787
XAUUSD,30.0,25.0,S,uninformed,0.5718390804597702,24.64256975050199,1320.2449325581656,1295.6023628076641,0,0.0,4,161.64081594547272,597.0,-0.03768397173026774,-745.6400119135191,954.1339108874438,1087.1084638337393
XAUUSD,30.0,25.0,S,informed,0.5718390804597702,24.64256975050199,2000.8439943010762,1976.2014245505745,0,0.0,6,842.2601803930877,597.0,-0.03768397173026774,-613.7009019219857,1093.2503455188853,1496.6519809536753
XAUUSD,30.0,50.0,H,uninformed,0.33045977011494254,24.64256975050199,1803.713789543599,1779.0712197930957,88,12564.578975231409,269,14343.7084011193,,,-695.5580260864148,938.4303150751266,1536.1989308043844
XAUUSD,30.0,50.0,H,informed,0.33045977011494254,24.64256975050199,3117.429606123899,3092.787036373396,86,12494.022782541128,270,15586.888253130317,,,-170.54680400415492,1348.8335747263845,1914.500265651166
XAUUSD,30.0,50.0,S,uninformed,0.33045977011494254,24.64256975050199,1119.356055586719,1094.713485836216,2,70.55619269027977,10,480.99065127138306,345.0,-0.010250303485539645,-347.7907449577355,504.77573461707595,937.7284961768753
XAUUSD,30.0,50.0,S,informed,0.33045977011494254,24.64256975050199,2433.071872167019,2408.4293024165154,0,0.0,11,1724.1705032824007,345.0,-0.010250303485539645,177.2204771245243,915.178994268334,1316.0298310236572
XAUUSD,30.0,100.0,H,uninformed,0.13697318007662834,24.64256975050199,196.28390132828866,171.64133157778565,42,5851.956882963625,115,6023.612108642163,,,-840.0466920899343,547.6173700377564,464.07065362996366
XAUUSD,30.0,100.0,H,informed,0.13697318007662834,24.64256975050199,2575.176549438292,2550.5339796877897,39,5662.746285871692,121,8213.314303425697,,,-122.73909864712451,1184.8127150903324,1488.460363244582
XAUUSD,30.0,100.0,S,uninformed,0.13697318007662834,24.64256975050199,325.57994995129513,300.9373802007918,3,189.21059709193318,11,619.5577018344427,143.0,-0.04989090897882326,-350.75195253534935,309.3452281434712,342.34410459266996
XAUUSD,30.0,100.0,S,informed,0.13697318007662834,24.64256975050199,2704.472598061298,2679.830028310796,0,0.0,17,2809.2598966179753,143.0,-0.04989090897882326,366.55564090746054,946.5405731960473,1366.733814207288
XAUUSD,30.0,250.0,H,uninformed,0.014367816091954023,24.64256975050199,1364.9819266446116,1340.3393568941092,7,322.99078749949854,24,1663.4676108958488,,,138.53809985077766,457.3571000507909,744.4441569925405
XAUUSD,30.0,250.0,H,informed,0.014367816091954023,24.64256975050199,3841.98018910589,3817.337619355387,4,133.78019040756533,30,3951.2623984014813,,,855.8456932935877,1234.7534677798003,1726.7384582819986
XAUUSD,30.0,250.0,S,uninformed,0.014367816091954023,24.64256975050199,1066.8830745887526,1042.2405048382495,3,189.21059709193318,13,933.6585034514453,15.0,-0.08439353744032374,138.53809985077766,264.1540102663439,639.548394721128
XAUUSD,30.0,250.0,S,informed,0.014367816091954023,24.64256975050199,3543.88133705003,3519.2387672995274,0,0.0,19,3221.4532909570785,15.0,-0.08439353744032374,855.8456932935877,1041.5503779953533,1621.8426960105867
XAUUSD,150.0,10.0,H,uninformed,0.9952107279693486,24.64256975050199,15.147009540756045,-9.495560209745747,274,40128.534607044254,765,40119.04024662789,,,-1424.6089239050161,2199.9591827426307,-784.8458190473614
XAUUSD,150.0,10.0,H,informed,0.9952107279693486,24.64256975050199,154.26393762660155,129.62136787609955,274,40128.534607044254,766,40258.15655793664,,,-1424.6089239050161,2339.076110828476,-784.8458190473614
XAUUSD,150.0,10.0,S,uninformed,0.9952107279693486,24.64256975050199,19.89007910483923,-4.752490645663386,0,0.0,0,0.0,1039.0,-0.004110644101510207,-712.3062984362614,1099.9786754459178,-392.42486765532
XAUUSD,150.0,10.0,S,informed,0.9952107279693486,24.64256975050199,159.00700719068462,134.3644374401821,0,0.0,1,139.1163113087568,1039.0,-0.004110644101510207,-712.3062984362614,1239.0956035317633,-392.42486765532
XAUUSD,150.0,25.0,H,uninformed,0.9645593869731801,24.64256975050199,-290.84988323088623,-315.4924529813885,266,39247.747344319825,741,38932.25312848563,,,-1487.1733232954266,2022.3867648727085,-850.7058945586705
XAUUSD,150.0,25.0,H,informed,0.9645593869731801,24.64256975050199,-151.73295514504068,-176.3755248955432,266,39247.747344319825,742,39071.36943979439,,,-1487.1733232954266,2161.503692958554,-850.7058945586705
XAUUSD,150.0,25.0,S,uninformed,0.9645593869731801,24.64256975050199,-133.11659234157216,-157.7591620920744,0,0.0,0,0.0,1007.0,-0.013817027784727785,-743.5915042752436,1011.1913625629735,-425.35902037980395
XAUUSD,150.0,25.0,S,informed,0.9645593869731801,24.64256975050199,6.000335744273485,-18.642234006228875,0,0.0,1,139.1163113087568,1007.0,-0.013817027784727785,-743.5915042752436,1150.3082906488191,-425.35902037980395
XAUUSD,150.0,50.0,H,uninformed,0.8802681992337165,24.64256975050199,993.3595485759397,968.7169788254372,238,34979.63849086244,683,35948.37187651648,,,-1487.1733232954266,2203.3106451050908,252.5796570157736
XAUUSD,150.0,50.0,H,informed,0.8802681992337165,24.64256975050199,1193.5814841317897,1168.938914381287,238,34979.63849086244,683,36148.5962901651,,,-1487.1733232954266,2342.427573190936,313.68466448577806
XAUUSD,150.0,50.0,S,uninformed,0.8802681992337165,24.64256975050199,547.4426758663114,522.8001061158095,0,0.0,2,76.92030872036645,919.0,-0.010334242789807928,-743.5970908058639,1101.6469007239236,164.75029619774932
XAUUSD,150.0,50.0,S,informed,0.8802681992337165,24.64256975050199,747.6646114221611,723.0220416716594,0,0.0,2,277.14472236898814,919.0,-0.010334242789807928,-743.5970908058639,1240.763828809769,225.8553036677538
XAUUSD,150.0,100.0,H,uninformed,0.6580459770114943,24.64256975050199,1314.2754842677068,1289.6329145172044,174,26174.350927458232,516,27463.878576493793,,,-1281.2053479280357,1880.3416093030576,690.4966531421824
XAUUSD,150.0,100.0,H,informed,0.6580459770114943,24.64256975050199,1771.669409405778,1747.0268396552754,174,26174.350927458232,517,27921.30134576464,,,-1281.2053479280357,2019.4585373889033,1008.7736501944082
XAUUSD,150.0,100.0,S,uninformed,0.6580459770114943,24.64256975050199,722.2598213835556,697.6172516330535,0,0.0,3,105.69763788871245,687.0,-0.10065731072888112,-640.6242472033924,940.1500209044871,398.09147793195837
XAUUSD,150.0,100.0,S,informed,0.6580459770114943,24.64256975050199,1179.6537465216265,1155.0111767711246,0,0.0,4,563.1204071595575,687.0,-0.10065731072888112,-640.6242472033924,1079.2669489903326,716.3684749841841
XAUUSD,150.0,250.0,H,uninformed,0.33045977011494254,24.64256975050199,1803.480958430595,1778.8383886800925,88,12564.578975231409,269,14343.7084011193,,,-695.5722499678645,938.4453404158355,1535.9652982321213
XAUUSD,150.0,250.0,H,informed,0.33045977011494254,24.64256975050199,3117.115863600458,3092.4732938499556,86,12494.022782541128,270,15586.888253130317,,,-170.5831829901436,1348.9029561775874,1914.1535206625122
XAUUSD,150.0,250.0,S,uninformed,0.33045977011494254,24.64256975050199,1119.0822232597875,1094.4396535092842,2,70.55619269027977,10,480.99065127138306,345.0,-0.051251517412785164,-347.8447845694073,504.695151933151,937.5892861455407
XAUUSD,150.0,250.0,S,informed,0.33045977011494254,24.64256975050199,2432.71712842965,2408.0745586791472,0,0.0,11,1724.1705032824007,345.0,-0.051251517412785164,177.14428240831373,915.1527676949026,1315.7775085759308
ETHUSD,30.0,10.0,H,uninformed,0.8794946550048591,9082.715372414143,-6749.206455529609,-15831.921827943745,239,166754.25251591444,668,150922.36100084722,,,-3909.5641067371394,3059.940667763027,-14982.298388969633
ETHUSD,30.0,10.0,H,informed,0.8794946550048591,9082.715372414143,-3648.3012279464897,-12731.016600360632,238,166261.56742278812,670,153530.58339314928,,,-3909.5641067371394,3744.9747537385138,-12566.427247361999
ETHUSD,30.0,10.0,S,uninformed,0.8794946550048591,9082.715372414143,1019.7300585891271,-8062.985313825014,1,492.6850931263412,1,199.4686604128233,905.0,-0.40102705813641426,-1954.819804746691,1529.9400047942183,-7638.1055138725405
ETHUSD,30.0,10.0,S,informed,0.8794946550048591,9082.715372414143,4120.635286172246,-4962.080086241892,0,0.0,3,2807.691052714882,905.0,-0.40102705813641426,-1954.819804746691,2214.9740907697055,-5222.234372264907
ETHUSD,30.0,25.0,H,uninformed,0.5733722060252673,9082.715372414143,-5700.908435410054,-14783.623807824186,160,113398.00041889591,434,98614.86985702915,,,-5413.070450422674,2404.9663213928675,-11775.519678794382
ETHUSD,30.0,25.0,H,informed,0.5733722060252673,9082.715372414143,2074.435725985334,-7008.279646428799,159,112905.31532576957,442,105897.51583671164,,,-4515.218070435296,3715.694610516741,-6208.756186510243
ETHUSD,30.0,25.0,S,uninformed,0.5733722060252673,9082.715372414143,2148.4301007950035,-6934.285271619133,1,492.6850931263412,3,1409.4486793023511,590.0,-0.6085378163203392,-2706.627029392426,1202.413667519454,-5430.0719097461615
ETHUSD,30.0,25.0,S,informed,0.5733722060252673,9082.715372414143,9923.774262190393,841.0588897762559,0,0.0,11,8692.09465898484,590.0,-0.6085378163203392,-1808.7746494050482,2513.141956643327,136.69158253797718
ETHUSD,30.0,50.0,H,uninformed,0.33138969873663754,9082.715372414143,-4688.791548016352,-13771.506920430485,104,69906.17733758345,249,56135.997665922056,,,9.594726086108835,987.8257907688317,-14768.927437285425
ETHUSD,30.0,50.0,H,informed,0.33138969873663754,9082.715372414143,5187.552293742188,-3895.163078671947,100,68842.14717916852,255,64948.29819231302,,,1753.001961530298,3008.4860842549333,-8656.651124457178
ETHUSD,30.0,50.0,S,uninformed,0.33138969873663754,9082.715372414143,2909.6770817361885,-6173.038290677944,4,1064.0301584149038,8,2492.052531301174,341.0,-0.6323925212819173,4.634812533607715,493.7934190258953,-6671.466522237446
ETHUSD,30.0,50.0,S,informed,0.33138969873663754,9082.715372414143,12786.020923494727,3703.305551080597,0,0.0,14,11304.353057692138,341.0,-0.6323925212819173,1748.042047977797,2514.4537125119973,-559.1902094091968
ETHUSD,30.0,100.0,H,uninformed,0.1379980563654033,9082.715372414143,6944.728008490332,-2137.987363923802,43,27297.33041231098,113,25161.99472737037,,,197.8781329227793,-1292.6463456903775,-1043.2191511562032
ETHUSD,30.0,100.0,H,informed,0.1379980563654033,9082.715372414143,20114.944006361595,11032.228633947456,39,26233.300253896075,121,37268.011893521034,,,1523.1505941917221,1832.932567183585,7676.145472572149
ETHUSD,30.0,100.0,S,uninformed,0.1379980563654033,9082.715372414143,8935.246086993635,-147.46928542049682,4,1064.0301584149038,10,2910.1058435917816,142.0,-0.1876065554462052,307.7953190199421,-646.4936381069522,191.2290336665128
ETHUSD,30.0,100.0,S,informed,0.1379980563654033,9082.715372414143,22105.462084864892,13022.74671245076,0,0.0,18,15016.123009742452,142.0,-0.1876065554462052,1633.067780288885,2479.085274767011,8910.593657394864
ETHUSD,30.0,250.0,H,uninformed,0.014577259475218658,9082.715372414143,9378.793088984647,296.07771657052126,11,4934.589305306759,20,5233.157134819995,,,417.662393236437,-0.39505588041057926,-121.18962078550499
ETHUSD,30.0,250.0,H,informed,0.014577259475218658,9082.715372414143,24227.702727017488,15144.98735460336,6,3682.4478942261853,29,18829.849649249947,,,1742.93485450538,4014.804045995977,9387.248454102004
ETHUSD,30.0,250.0,S,uninformed,0.014577259475218658,9082.715372414143,10162.633643244497,1079.9182708303651,5,1252.141411080574,11,3118.650352221458,15.0,-0.1300015539795254,417.662393236437,-0.39505588041057926,662.6509334743392
ETHUSD,30.0,250.0,S,informed,0.014577259475218658,9082.715372414143,25011.543281277332,15928.827908863204,0,0.0,20,16715.342866651412,15.0,-0.1300015539795254,1742.93485450538,4014.804045995977,10171.089008361847
ETHUSD,150.0,10.0,H,uninformed,0.9951409135082604,9082.715372414143,-803.3497293773598,-9886.065101791504,267,183050.23809115734,757,173164.17202912385,,,-2975.820909036428,4350.679541983793,-11260.923734738866
ETHUSD,150.0,10.0,H,informed,0.9951409135082604,9082.715372414143,-803.3497293773598,-9886.065101791504,267,183050.23809115734,757,173164.17202912385,,,-2975.820909036428,4350.679541983793,-11260.923734738866
ETHUSD,150.0,10.0,S,uninformed,0.9951409135082604,9082.715372414143,4139.2458408447455,-4943.469531569393,0,0.0,0,0.0,1024.0,-0.43746079464266463,-1487.9478050490711,2175.3051430150767,-5630.826869535399
ETHUSD,150.0,10.0,S,informed,0.9951409135082604,9082.715372414143,4139.2458408447455,-4943.469531569393,0,0.0,0,0.0,1024.0,-0.43746079464266463,-1487.9478050490711,2175.3051430150767,-5630.826869535399
ETHUSD,150.0,25.0,H,uninformed,0.9650145772594753,9082.715372414143,-4001.210914181353,-13083.92628659549,262,179704.47613528027,731,166620.67756070703,,,-3416.2138016554854,3665.62956233742,-13333.342047277427
ETHUSD,150.0,25.0,H,informed,0.9650145772594753,9082.715372414143,-3316.1609345349802,-12398.87630694912,262,179704.47613528027,732,167305.70767205523,,,-3416.2138016554854,4350.679541983793,-13333.342047277427
ETHUSD,150.0,25.0,S,uninformed,0.9650145772594753,9082.715372414143,2539.6796373427683,-6543.0357350713675,0,0.0,0,0.0,993.0,-1.0087357625147133,-1708.2013423408266,1832.7333966275028,-6667.567789358046
ETHUSD,150.0,25.0,S,informed,0.9650145772594753,9082.715372414143,3224.729616989141,-5857.985755424996,0,0.0,1,685.0301113482018,993.0,-1.0087357625147133,-1708.2013423408266,2517.783376273875,-6667.567789358046
ETHUSD,150.0,50.0,H,uninformed,0.8794946550048591,9082.715372414143,-6749.327690801174,-15832.043063215311,239,166754.25251591444,668,150922.36100084722,,,-3909.560298781171,3059.9139504129544,-14982.396714847097
ETHUSD,150.0,50.0,H,informed,0.8794946550048591,9082.715372414143,-3648.4314973668743,-12731.14686978101,238,166261.56742278812,670,153530.58339314928,,,-3909.560298781171,3744.963930059327,-12566.55050105917
ETHUSD,150.0,50.0,S,uninformed,0.8794946550048591,9082.715372414143,1018.0047150850755,-8064.710657329058,1,492.6850931263412,1,199.4686604128233,905.0,-2.0051352906191435,-1954.9689060884975,1529.8053321891225,-7639.547083429688
ETHUSD,150.0,50.0,S,informed,0.8794946550048591,9082.715372414143,4118.900908519376,-4963.814463894758,0,0.0,3,2807.691052714882,905.0,-2.0051352906191435,-1954.9689060884975,2214.8553118354953,-5223.70086964176
ETHUSD,150.0,100.0,H,uninformed,0.6588921282798834,9082.715372414143,-8953.250844825303,-18035.96621723944,180,130795.63168394606,501,112761.96133157074,,,-4306.504726354984,2114.9941884381115,-15844.455679322567
ETHUSD,150.0,100.0,H,informed,0.6588921282798834,9082.715372414143,-1729.1414521824606,-10811.856824596594,179,130302.94659081972,509,119493.25418105863,,,-4306.504726354984,3425.7329865526663,-9931.085084794282
ETHUSD,150.0,100.0,S,uninformed,0.6588921282798834,9082.715372414143,346.18350388490944,-8736.531868529226,1,492.6850931263412,2,1062.9439263682918,678.0,-2.530244098424427,-2153.629378122027,1057.2157457189899,-7640.118236126187
ETHUSD,150.0,100.0,S,informed,0.6588921282798834,9082.715372414143,7570.2928965277515,-1512.4224758863847,0,0.0,10,7794.236775856181,678.0,-2.530244098424427,-2153.629378122027,2367.9545438335435,-1726.747641597903
ETHUSD,150.0,250.0,H,uninformed,0.33138969873663754,9082.715372414143,-4694.100513333038,-13776.815885747179,104,69906.17733758345,249,56135.997665922056,,,9.193983675808568,987.7890874859188,-14773.798956908908
ETHUSD,150.0,250.0,H,informed,0.33138969873663754,9082.715372414143,5182.295954760495,-3900.4194176536384,100,68842.14717916852,255,64948.29819231302,,,1752.6101749505692,3008.486750348071,-8661.516342952284
ETHUSD,150.0,250.0,S,uninformed,0.33138969873663754,9082.715372414143,2901.8385463343875,-6180.87682607975,4,1064.0301584149038,8,2492.052531301174,341.0,-3.1619626063993254,3.784242710658191,493.29716107555544,-6677.9582298659625
ETHUSD,150.0,250.0,S,informed,0.33138969873663754,9082.715372414143,12778.235014427928,3695.519642013786,0,0.0,14,11304.353057692138,341.0,-3.1619626063993254,1747.2004339854188,2513.9948239377077,-565.6756159093395
